Thematics,Questions,Answers
National Flowers,What is the national flower of Japan?,The national flower of Japan is Cherry Blossom.
Night Bloomers,Which flower is known as the 'Queen of the Night'?,The flower known as the 'Queen of the Night' is Cereus.
Love Symbols,Which flower symbolizes love and passion?,The flower that symbolizes love and passion is Rose.
Fragrant Flowers,Which flower is famous for its beautiful fragrance and is often used in perfumes?,The flower famous for its beautiful fragrance and often used in perfumes is Jasmine.
Wedding Flowers,What flower represents purity and is often used in weddings?,The flower that represents purity and is often used in weddings is Lily.
Sun Lovers,Which flower is known as the 'Sun's Favorite'?,The flower known as the 'Sun's Favorite' is Sunflower.
Remembrance Flowers,"Which flower is associated with the remembrance of the dead, particularly in Mexico?","The flower associated with the remembrance of the dead, particularly in Mexico, is Marigold."
Thousand Leaves,Which flower's name means 'a thousand leaves'?,The flower whose name means 'a thousand leaves' is Yarrow.
Luxury Symbols,Which flower is considered a symbol of luxury and wealth in Chinese culture?,The flower considered a symbol of luxury and wealth in Chinese culture is Peony.
Winter Bloomers,Which flower is known for blooming in the harsh conditions of winter?,The flower known for blooming in the harsh conditions of winter is Camellia.
Apology Flowers,Which flower is often given as a sign of apology?,The flower often given as a sign of apology is Orchid.
Greek Names,Which flower has a name that means 'beautiful' in Greek?,The flower with a name that means 'beautiful' in Greek is Calla Lily.
Tea Flowers,"Which flower is used to make a popular type of tea, especially in China?","The flower used to make a popular type of tea, especially in China, is Chrysanthemum."
Cheerful Flowers,Which flower is known for its bright yellow color and is a symbol of cheerfulness?,The flower known for its bright yellow color and is a symbol of cheerfulness is Daffodil.
Sacred Flowers,Which flower was sacred to the ancient Egyptians?,Lotus
Easter Flowers,Which flower is often associated with the Easter holiday?,The flower often associated with the Easter holiday is Lily.
New Beginnings,Which flower symbolizes new beginnings and rebirth?,The flower that symbolizes new beginnings and rebirth is Daffodil.
Sun Followers,Which flower is known for its ability to open and close with the sun?,The flower known for its ability to open and close with the sun is Sunflower.
Greek Mythology,Which flower is known as the 'Flower of the Gods' in Greek mythology?,The flower known as the 'Flower of the Gods' in Greek mythology is Carnation.
Purple Flowers,Which flower is famous for its various shades of purple and its pleasant scent?,The flower famous for its various shades of purple and its pleasant scent is Lavender.
Valentine's Day,Which flower is often associated with the month of February and Valentine's Day?,The flower often associated with the month of February and Valentine's Day is Rose.
South African Flowers,Which flower is native to South Africa and is known for its unique shape?,Protea
Trumpet Flowers,"Which flower is known for its large, trumpet-shaped blooms and vibrant colors?","The flower known for its large, trumpet-shaped blooms and vibrant colors is Hibiscus."
Rainbow Flowers,Which flower has a name derived from the Greek word for 'rainbow'?,Iris
Peaceful Flowers,"Which flower is a symbol of peace and calmness, often seen in blue and white?","The flower that is a symbol of peace and calmness, often seen in blue and white, is White Poppy."
Dutch Named,Which flower is named after a famous Dutch painter?,Tulip
Heart-shaped Leaves,Which flower is known for its heart-shaped leaves and blooms?,The flower known for its heart-shaped leaves and blooms is Bleeding Heart.
Medicinal Flowers,Which flower is known for its medicinal properties and is often used in herbal teas?,The flower known for its medicinal properties and is often used in herbal teas is Chamomile.
Teacher Appreciation,Which flower is often given to teachers to show appreciation?,The flower often given to teachers to show appreciation is Apple Blossom.
Star Named,Which flower's name means 'star' in Greek?,The flower whose name means 'star' in Greek is Aster.
Desert Flowers,"Which flower is known for its ability to thrive in dry, desert conditions?","The flower known for its ability to thrive in dry, desert conditions is Cactus Flower."
Hawaiian Leis,Which flower is often used in leis in Hawaii?,Plumeria
Southern Symbols,Which flower is a traditional symbol of the American South?,Magnolia
Delicate Petals,Which flower is known for its delicate petals and sweet fragrance?,The flower known for its delicate petals and sweet fragrance is Gardenia.
Saffron Production,Which flower is often used in the production of saffron?,The flower often used in the production of saffron is Saffron Crocus.
Kyoto Symbol,"Which flower is associated with the city of Kyoto, Japan?",Cherry Blossom
Friendship Symbols,Which flower symbolizes friendship and happiness?,The flower that symbolizes friendship and happiness is Yellow Rose.
Round Blooms,"Which flower is known for its large, round blooms and is often used in floral arrangements?","The flower known for its large, round blooms and is often used in floral arrangements is Hydrangea."
Eternal Life,Which flower is a symbol of eternal life and is often seen in ancient art?,The flower that is a symbol of eternal life and is often seen in ancient art is Ivy.
Christmas Flowers,Which flower is known for its vibrant red color and is often associated with Christmas?,Poinsettia
Blue Dyes,Which flower is known for its striking blue color and is often used in dyes?,The flower known for its striking blue color and is often used in dyes is Bluebell.
Buddhist Symbols,Which flower is often associated with the Buddhist religion?,Lotus
Latin Sword,Which flower's name means 'sword' in Latin?,Gladiolus
Mother's Day Bouquets,Which flower is often used in bouquets for Mother's Day?,Carnation
Trumpet Shape,Which flower is known for its trumpet-like shape and vibrant yellow color?,The flower known for its trumpet-like shape and vibrant yellow color is Daffodil.
Fall Season,Which flower is often associated with the fall season?,The flower often associated with the fall season is Chrysanthemum.
Resilient Flowers,Which flower is known for its resilience and ability to survive harsh conditions?,The flower known for its resilience and ability to survive harsh conditions is Dandelion.
Culinary Flowers,"Which flower is famous for its use in culinary dishes, particularly in France?",Lavender
Humility Symbols,Which flower is often associated with the concept of humility?,The flower often associated with the concept of humility is Violet.
Lily Named,Which flower's name means 'flower of the lily' in Latin?,Lilium
